,Business Name,Address,Website,Phone
0,Calla Plumbing,,,
1,Halpin Plumbing Inc,,,
2,Hofmeyer Max Plumbing Co Inc,,,
3,Zins Plumbing,,,
4,Smithy's Plumbing,,,
5,"HELP Plumbing, Heating, Cooling and Drains",,,
6,Tarvin Plumbing,,,
7,Roto-Rooter Plumbing & Water Cleanup,,,
8,24/7 Emergency Plumber Cincinnati,,,
9,"Plumb Tite Plumbing, Heating, Cooling & Drains",,,
10,Preston & Sons Plumbers,,,
11,Roto-Rooter Plumbing & Water Cleanup,,,
12,Archer Plumbing Co Inc,,,
13,Feichtner Plumbing LLC,,,
14,Benjamin Franklin Plumbing of Cincinnati,,,
15,"Gardner Plumbing, LLC",,,
16,Nieman Plumbing,,,
17,Apollo Home,,,
18,Wake Plumbing,,,
19,"Schneller Knochelmann Plumbing, Heating & Air Conditioning",,,
